38,6,10,0.158,11,1,5,0.091,15.882,16.009,75,11,123,19,19,0.154,31,6,7,0.194,16.167,16.079,130,7,0
16,5,8,0.313,1,0,1,0.0,15.846,15.973,65,5,64,15,23,0.234,12,2,9,0.167,16.029,16.037,123,7,1
29,3,11,0.103,3,1,2,0.333,16.113,16.169,71,3,67,17,11,0.254,24,5,7,0.208,15.944,16.061,96,9,0
34,7,11,0.206,3,0,1,0.0,15.952,15.957,94,12,48,7,11,0.146,29,3,16,0.103,16.084,16.112,76,9,1
52,15,11,0.288,26,7,7,0.269,16.121,16.166,94,11,22,7,4,0.318,6,0,1,0.0,16.064,16.102,66,5,0
23,7,5,0.304,13,2,4,0.154,16.137,16.121,62,5,7,0,1,0.0,3,0,1,0.0,16.147,16.109,60,11,1
65,14,15,0.215,21,3,7,0.143,16.356,16.408,93,6,14,3,6,0.214,10,0,1,0.0,15.81,15.803,70,6,0
14,4,4,0.286,2,0,1,0.0,15.635,15.831,74,4,5,2,3,0.4,2,0,1,0.0,16.416,16.36,80,13,1
5,1,2,0.2,5,1,2,0.2,16.547,16.547,61,6,5,2,3,0.4,2,0,1,0.0,16.416,16.36,80,13,1
3,1,1,0.333,1,0,1,0.0,15.524,15.729,71,4,16,7,4,0.438,3,1,1,0.333,16.254,16.347,84,7,0
63,20,8,0.317,21,3,6,0.143,16.532,16.246,107,5,6,0,1,0.0,4,0,1,0.0,15.886,15.838,71,7,1
7,1,5,0.143,1,0,1,0.0,15.903,16.016,57,9,8,3,5,0.375,5,1,4,0.2,16.326,16.334,111,13,0
57,9,13,0.158,3,1,2,0.333,15.983,16.038,129,3,8,3,5,0.375,5,1,4,0.2,16.326,16.334,111,13,0
31,6,13,0.194,7,2,4,0.286,16.579,15.948,89,6,23,5,10,0.217,15,3,7,0.2,15.931,15.934,90,7,1
18,5,5,0.278,2,0,1,0.0,16.69,15.849,66,5,23,5,10,0.217,15,3,7,0.2,15.931,15.934,90,7,1
41,4,18,0.098,3,0,1,0.0,16.049,16.034,121,7,34,5,7,0.147,7,0,1,0.0,15.879,15.991,67,4,1
70,12,12,0.171,21,3,10,0.143,15.867,15.942,103,4,117,20,17,0.171,1,0,1,0.0,16.156,15.61,132,16,1
70,12,12,0.171,21,3,10,0.143,15.867,15.942,103,4,22,5,6,0.227,19,3,6,0.158,16.497,16.493,80,12,1
35,5,9,0.143,22,2,15,0.091,16.049,16.044,82,5,8,2,1,0.25,1,0,1,0.0,15.817,16.066,64,4,0
9,3,2,0.333,1,0,1,0.0,15.995,16.075,64,5,3,2,1,0.667,2,1,1,0.5,16.826,16.788,79,7,1
30,8,6,0.267,12,4,4,0.333,16.054,16.086,65,5,114,20,15,0.175,14,4,6,0.286,16.475,16.046,141,7,0
30,8,6,0.267,12,4,4,0.333,16.054,16.086,65,5,9,2,3,0.222,1,0,1,0.0,15.979,15.884,77,6,0
130,24,17,0.185,35,5,18,0.143,15.895,15.696,184,5,36,11,8,0.306,6,1,5,0.167,16.154,16.067,78,7,0
62,12,11,0.194,11,5,2,0.455,16.244,16.335,120,11,25,8,5,0.32,9,4,2,0.444,16.363,16.423,96,6,0
62,12,11,0.194,11,5,2,0.455,16.244,16.335,120,11,73,9,15,0.123,6,0,1,0.0,15.947,15.947,97,7,0
18,2,6,0.111,3,1,1,0.333,15.824,15.889,86,7,25,8,5,0.32,9,4,2,0.444,16.363,16.423,96,6,0
18,2,6,0.111,3,1,1,0.333,15.824,15.889,86,7,73,9,15,0.123,6,0,1,0.0,15.947,15.947,97,7,0
55,13,10,0.236,13,3,3,0.231,16.119,16.071,101,11,17,2,12,0.118,14,1,2,0.071,15.328,15.298,63,9,1
29,7,6,0.241,11,3,4,0.273,16.052,16.083,65,5,61,15,9,0.246,27,7,4,0.259,16.066,16.071,95,12,0
10,0,1,0.0,5,0,1,0.0,15.708,15.642,127,6,58,12,16,0.207,3,0,1,0.0,16.242,16.165,124,7,1
51,10,13,0.196,18,2,9,0.111,16.076,16.066,157,11,61,15,9,0.246,27,7,4,0.259,16.066,16.071,95,12,0
43,7,12,0.163,4,0,1,0.0,16.099,15.869,99,16,30,9,6,0.3,28,8,6,0.286,15.841,15.857,134,7,0
52,13,8,0.25,16,6,3,0.375,16.214,16.211,71,7,30,9,6,0.3,28,8,6,0.286,15.841,15.857,134,7,0
18,2,7,0.111,1,0,1,0.0,16.065,16.129,70,14,8,1,4,0.125,5,0,1,0.0,16.157,16.131,45,6,1
18,2,7,0.111,1,0,1,0.0,16.065,16.129,70,14,130,20,32,0.154,27,4,12,0.148,16.275,16.101,134,11,1
2,0,1,0.0,1,0,1,0.0,15.448,15.437,101,6,15,3,3,0.2,5,1,2,0.2,16.192,16.175,66,7,0
68,15,13,0.221,25,5,9,0.2,16.392,16.229,92,5,2,1,1,0.5,2,1,1,0.5,15.396,15.396,89,7,1
137,22,20,0.161,6,2,2,0.333,16.092,15.915,158,5,2,1,1,0.5,2,1,1,0.5,15.396,15.396,89,7,1
34,5,15,0.147,4,2,1,0.5,16.096,16.059,103,11,1,0,1,0.0,1,0,1,0.0,16.118,16.118,101,7,1
34,5,15,0.147,4,2,1,0.5,16.096,16.059,103,11,102,15,15,0.147,3,2,1,0.667,16.199,15.95,132,9,1
19,5,5,0.263,17,3,5,0.176,16.234,16.23,102,24,66,13,11,0.197,6,1,1,0.167,16.061,16.058,128,7,0
15,5,5,0.333,1,0,1,0.0,15.996,16.0,61,9,66,13,11,0.197,6,1,1,0.167,16.061,16.058,128,7,0
5,1,3,0.2,1,0,1,0.0,15.919,15.841,52,8,66,13,11,0.197,6,1,1,0.167,16.061,16.058,128,7,0
4,1,1,0.25,3,1,1,0.333,16.044,16.036,124,7,45,12,8,0.267,42,10,8,0.238,16.566,16.606,134,7,1
4,1,1,0.25,3,1,1,0.333,16.044,16.036,124,7,124,19,19,0.153,32,6,7,0.188,16.166,16.075,130,5,1
4,1,1,0.25,3,1,1,0.333,16.044,16.036,124,7,92,11,17,0.12,28,5,11,0.179,16.455,16.643,132,11,1
12,4,3,0.333,3,1,1,0.333,17.24,15.793,68,8,10,1,7,0.1,10,1,7,0.1,16.052,16.052,102,7,0
12,4,3,0.333,3,1,1,0.333,17.24,15.793,68,8,81,15,16,0.185,25,4,14,0.16,16.23,16.618,128,6,0
5,1,1,0.2,1,0,1,0.0,16.029,16.01,91,6,15,2,10,0.133,4,0,1,0.0,15.97,16.049,49,5,1
11,2,2,0.182,4,1,1,0.25,15.935,15.934,61,8,15,2,10,0.133,4,0,1,0.0,15.97,16.049,49,5,1
11,3,4,0.273,3,0,1,0.0,15.84,15.866,63,10,8,2,3,0.25,1,0,1,0.0,16.153,16.2,95,9,1
12,6,2,0.5,2,0,1,0.0,16.166,16.242,61,7,64,12,9,0.188,25,5,4,0.2,16.018,16.024,87,7,0
36,8,15,0.222,7,2,1,0.286,16.808,19.08,95,7,64,12,9,0.188,25,5,4,0.2,16.018,16.024,87,7,0
92,19,15,0.207,2,1,1,0.5,16.147,16.189,126,8,24,9,6,0.375,7,3,2,0.429,16.283,16.304,95,5,1
92,19,15,0.207,2,1,1,0.5,16.147,16.189,126,8,16,8,2,0.5,4,2,1,0.5,16.273,16.325,65,8,1
10,0,1,0.0,2,0,1,0.0,15.58,15.504,65,7,89,18,15,0.202,12,4,6,0.333,16.268,16.077,109,5,0
21,6,5,0.286,2,0,1,0.0,16.206,16.285,58,9,110,15,18,0.136,15,4,6,0.267,15.945,16.754,152,9,1
34,7,10,0.206,9,0,1,0.0,16.646,16.216,63,5,45,7,14,0.156,5,2,3,0.4,15.659,15.573,84,6,1
40,10,7,0.25,10,1,4,0.1,16.304,16.338,100,11,45,7,14,0.156,5,2,3,0.4,15.659,15.573,84,6,1
74,15,10,0.203,16,2,9,0.125,16.237,16.178,119,7,7,3,2,0.429,3,0,1,0.0,16.343,16.255,65,8,0
53,8,14,0.151,4,0,1,0.0,16.162,15.92,89,7,25,9,5,0.36,13,5,4,0.385,16.109,16.212,63,5,1
37,9,7,0.243,29,4,8,0.138,16.134,16.123,122,7,7,3,2,0.429,3,0,1,0.0,16.343,16.255,65,8,0
32,10,6,0.313,11,1,6,0.091,16.067,16.136,66,7,26,5,8,0.192,9,0,1,0.0,17.256,15.811,76,10,1
26,6,5,0.231,7,3,3,0.429,15.796,15.841,84,9,65,15,13,0.231,12,1,5,0.083,16.707,16.489,105,5,1
26,6,5,0.231,7,3,3,0.429,15.796,15.841,84,9,80,13,18,0.163,15,1,2,0.067,15.967,16.015,99,8,1
36,7,10,0.194,6,1,1,0.167,15.938,16.049,73,5,65,15,13,0.231,12,1,5,0.083,16.707,16.489,105,5,1
36,7,10,0.194,6,1,1,0.167,15.938,16.049,73,5,80,13,18,0.163,15,1,2,0.067,15.967,16.015,99,8,1
37,16,5,0.432,1,1,1,1.0,16.609,16.54,102,9,32,6,9,0.188,9,0,1,0.0,16.047,16.091,86,7,0
10,1,1,0.1,2,0,1,0.0,18.023,16.016,63,9,6,2,4,0.333,2,1,1,0.5,16.39,16.386,121,7,1
10,1,1,0.1,2,0,1,0.0,18.023,16.016,63,9,31,7,9,0.226,5,1,2,0.2,16.112,15.824,91,9,1
9,0,1,0.0,1,0,1,0.0,15.807,15.697,56,7,61,10,12,0.164,15,4,4,0.267,15.679,15.716,100,7,0
25,4,11,0.16,1,1,1,1.0,16.911,16.291,102,8,17,3,6,0.176,4,0,1,0.0,15.868,15.866,59,8,1
81,22,10,0.272,37,9,10,0.243,16.472,16.784,100,7,17,3,6,0.176,4,0,1,0.0,15.868,15.866,59,8,1
6,3,3,0.5,4,1,1,0.25,16.275,16.259,70,4,15,3,9,0.2,4,1,1,0.25,16.153,16.044,87,8,0
6,3,3,0.5,4,1,1,0.25,16.275,16.259,70,4,10,1,8,0.1,8,0,1,0.0,16.191,16.176,57,7,0
21,3,9,0.143,13,2,5,0.154,16.226,16.209,62,5,15,3,9,0.2,4,1,1,0.25,16.153,16.044,87,8,0
21,3,9,0.143,13,2,5,0.154,16.226,16.209,62,5,10,1,8,0.1,8,0,1,0.0,16.191,16.176,57,7,0
95,19,12,0.2,40,5,13,0.125,16.096,15.936,126,8,17,7,6,0.412,2,1,1,0.5,16.966,16.316,60,4,1
92,21,15,0.228,28,3,13,0.107,16.238,16.179,110,7,17,7,6,0.412,2,1,1,0.5,16.966,16.316,60,4,1
55,10,15,0.182,27,1,10,0.037,16.051,16.035,97,18,36,7,9,0.194,6,2,1,0.333,15.866,16.048,80,5,0
55,10,15,0.182,27,1,10,0.037,16.051,16.035,97,18,54,5,15,0.093,33,5,13,0.152,15.624,15.593,81,7,0
42,9,17,0.214,11,1,1,0.091,16.541,17.701,91,7,70,17,8,0.243,31,6,13,0.194,16.114,16.115,120,5,1
42,9,17,0.214,11,1,1,0.091,16.541,17.701,91,7,90,17,12,0.189,11,4,2,0.364,16.34,16.066,139,7,1
84,15,10,0.179,1,0,1,0.0,16.644,15.666,170,16,8,3,4,0.375,1,0,1,0.0,16.039,16.187,73,9,0
84,15,10,0.179,1,0,1,0.0,16.644,15.666,170,16,16,3,7,0.188,3,0,1,0.0,16.001,16.133,66,5,0
45,10,13,0.222,9,0,1,0.0,17.028,16.124,94,7,90,11,21,0.122,7,2,3,0.286,16.108,15.845,99,7,1
37,6,17,0.162,5,1,2,0.2,15.977,16.131,94,7,143,27,13,0.189,5,1,1,0.2,16.166,15.879,152,7,1
37,6,17,0.162,5,1,2,0.2,15.977,16.131,94,7,16,6,4,0.375,5,3,1,0.6,16.198,16.313,120,12,1
83,15,14,0.181,30,5,14,0.167,15.859,15.868,119,6,36,9,6,0.25,3,0,1,0.0,16.621,16.066,94,12,1
30,9,7,0.3,9,2,2,0.222,16.762,18.33,94,7,48,9,16,0.188,23,3,13,0.13,15.7,15.775,69,7,0
30,9,7,0.3,9,2,2,0.222,16.762,18.33,94,7,11,2,8,0.182,6,0,1,0.0,16.23,16.321,61,7,0
19,2,10,0.105,6,1,3,0.167,15.987,16.016,63,7,48,9,16,0.188,23,3,13,0.13,15.7,15.775,69,7,0
19,2,10,0.105,6,1,3,0.167,15.987,16.016,63,7,11,2,8,0.182,6,0,1,0.0,16.23,16.321,61,7,0
91,13,15,0.143,27,4,4,0.148,16.102,16.036,135,5,48,9,16,0.188,23,3,13,0.13,15.7,15.775,69,7,0
91,13,15,0.143,27,4,4,0.148,16.102,16.036,135,5,11,2,8,0.182,6,0,1,0.0,16.23,16.321,61,7,0
80,15,16,0.188,14,1,8,0.071,17.218,17.456,133,11,78,14,19,0.179,5,1,2,0.2,16.132,15.97,105,6,1
34,7,9,0.206,3,0,1,0.0,15.797,15.88,69,7,26,9,4,0.346,16,5,4,0.313,16.159,16.152,133,8,1
20,5,4,0.25,7,0,1,0.0,16.327,16.473,64,7,55,9,17,0.164,1,0,1,0.0,16.118,15.947,90,7,0
58,13,12,0.224,22,5,5,0.227,16.198,15.938,90,6,47,13,5,0.277,19,7,3,0.368,16.619,16.652,132,11,1
94,17,11,0.181,30,3,10,0.1,16.112,15.996,133,5,47,13,5,0.277,19,7,3,0.368,16.619,16.652,132,11,1
5,3,1,0.6,2,1,1,0.5,15.718,15.72,71,6,54,10,9,0.185,27,7,4,0.259,15.936,15.977,111,5,0
5,3,1,0.6,2,1,1,0.5,15.718,15.72,71,6,104,24,11,0.231,37,6,9,0.162,16.182,16.104,160,10,0
33,7,5,0.212,3,0,1,0.0,16.375,16.449,94,4,44,7,11,0.159,27,6,7,0.222,15.847,15.826,104,7,1
14,1,12,0.071,9,0,1,0.0,15.573,15.502,86,6,34,6,4,0.176,10,2,4,0.2,16.233,15.745,96,5,0
189,31,17,0.164,14,4,4,0.286,15.914,15.785,155,7,34,6,4,0.176,10,2,4,0.2,16.233,15.745,96,5,0
48,5,12,0.104,24,2,13,0.083,15.818,15.804,97,16,37,5,18,0.135,9,0,1,0.0,16.376,16.322,105,8,1
25,6,6,0.24,7,2,4,0.286,16.322,16.402,66,7,30,10,4,0.333,23,6,7,0.261,17.007,17.222,64,7,1
65,12,14,0.185,13,2,8,0.154,16.028,16.057,120,7,27,6,11,0.222,3,0,1,0.0,16.166,16.291,71,8,0
12,5,5,0.417,2,1,1,0.5,16.355,16.396,65,8,5,2,2,0.4,2,1,1,0.5,15.496,15.542,56,9,0
41,11,7,0.268,35,7,8,0.2,16.868,16.931,103,12,70,13,18,0.186,19,3,7,0.158,16.25,16.037,100,7,1
27,8,14,0.296,2,0,1,0.0,16.086,15.876,99,7,5,2,2,0.4,2,1,1,0.5,15.496,15.542,56,9,0
67,8,20,0.119,54,5,19,0.093,15.866,15.939,122,7,12,4,4,0.333,4,0,1,0.0,16.228,16.24,63,8,1
67,8,20,0.119,54,5,19,0.093,15.866,15.939,122,7,95,19,11,0.2,11,1,5,0.091,16.065,15.998,122,7,1
30,7,9,0.233,12,3,3,0.25,16.235,16.231,71,5,66,10,29,0.152,45,7,20,0.156,15.612,15.611,98,4,0
69,11,16,0.159,22,4,9,0.182,15.906,16.026,81,7,7,1,3,0.143,2,0,1,0.0,15.928,15.897,66,9,0
22,6,7,0.273,6,2,2,0.333,16.345,16.468,132,8,62,24,9,0.387,3,1,1,0.333,16.285,16.075,145,14,1
22,6,7,0.273,6,2,2,0.333,16.345,16.468,132,8,28,5,7,0.179,12,1,4,0.083,15.872,15.946,65,7,1
95,15,20,0.158,40,4,18,0.1,16.183,16.451,125,6,104,21,13,0.202,23,4,6,0.174,16.327,16.365,139,4,0
47,16,7,0.34,16,3,10,0.188,16.81,17.134,95,10,45,4,19,0.089,26,2,17,0.077,15.589,15.565,77,6,1
47,16,7,0.34,16,3,10,0.188,16.81,17.134,95,10,79,9,18,0.114,40,7,10,0.175,16.707,16.49,98,5,1
42,8,9,0.19,16,2,7,0.125,15.831,15.869,70,7,10,3,4,0.3,4,0,1,0.0,15.92,15.979,71,7,1
6,1,4,0.167,4,0,1,0.0,15.503,15.473,44,6,33,8,9,0.242,5,2,1,0.4,15.843,15.984,78,5,1
121,28,11,0.231,11,3,6,0.273,16.231,16.049,127,5,18,1,3,0.056,9,0,1,0.0,15.476,15.478,69,6,0
95,17,23,0.179,50,9,13,0.18,16.035,16.065,122,7,72,16,12,0.222,1,1,1,1.0,16.575,16.282,110,5,1
34,8,11,0.235,17,2,9,0.118,15.967,16.031,88,4,72,16,12,0.222,1,1,1,1.0,16.575,16.282,110,5,1
79,17,17,0.215,7,2,5,0.286,16.6,15.942,131,4,32,3,16,0.094,2,0,1,0.0,16.123,15.86,103,7,0
79,17,17,0.215,7,2,5,0.286,16.6,15.942,131,4,38,9,10,0.237,8,4,1,0.5,15.931,16.135,120,5,0
16,2,11,0.125,5,0,1,0.0,15.985,16.081,49,5,122,16,15,0.131,2,1,1,0.5,15.994,15.931,136,20,1
8,1,7,0.125,2,0,1,0.0,16.089,16.189,52,10,122,16,15,0.131,2,1,1,0.5,15.994,15.931,136,20,1
53,13,9,0.245,26,3,11,0.115,16.254,15.959,97,5,53,7,13,0.132,11,0,1,0.0,16.22,15.898,97,7,0
53,13,9,0.245,26,3,11,0.115,16.254,15.959,97,5,36,5,20,0.139,1,0,1,0.0,15.928,16.037,61,10,0
47,8,14,0.17,14,2,6,0.143,16.296,16.26,70,7,9,0,1,0.0,5,0,1,0.0,15.654,15.697,63,7,0
25,4,7,0.16,5,2,2,0.4,16.079,16.067,65,5,31,5,11,0.161,16,4,6,0.25,16.298,16.329,96,11,1
61,16,7,0.262,8,0,1,0.0,15.869,15.886,96,9,31,5,11,0.161,16,4,6,0.25,16.298,16.329,96,11,1
211,33,30,0.156,15,3,6,0.2,16.04,15.899,149,7,80,16,14,0.2,19,3,8,0.158,16.114,16.018,138,7,1
211,33,30,0.156,15,3,6,0.2,16.04,15.899,149,7,71,15,9,0.211,20,6,7,0.3,16.378,16.241,125,7,1
17,2,5,0.118,7,1,3,0.143,15.993,16.27,59,11,42,8,8,0.19,10,3,4,0.3,15.978,16.049,120,7,0
17,2,5,0.118,7,1,3,0.143,15.993,16.27,59,11,38,7,12,0.184,9,2,6,0.222,16.963,17.892,102,7,0
80,22,12,0.275,42,15,6,0.357,16.316,16.326,130,9,47,11,15,0.234,9,2,1,0.222,16.138,16.11,87,7,1
64,11,8,0.172,22,3,8,0.136,16.084,15.692,109,9,63,5,29,0.079,17,1,13,0.059,16.235,16.402,92,7,0
48,17,7,0.354,13,3,3,0.231,16.146,16.22,134,5,12,3,3,0.25,4,2,2,0.5,15.931,16.089,63,10,1
48,17,7,0.354,13,3,3,0.231,16.146,16.22,134,5,89,12,12,0.135,67,6,18,0.09,15.989,15.87,122,11,1
17,2,5,0.118,8,1,1,0.125,16.946,16.895,71,9,37,11,6,0.297,10,1,1,0.1,16.201,15.557,79,7,0
41,10,11,0.244,10,3,1,0.3,16.24,16.235,87,5,18,6,6,0.333,4,0,1,0.0,16.76,16.742,69,7,1
21,2,16,0.095,10,0,1,0.0,16.202,16.124,90,7,41,14,7,0.341,9,3,2,0.333,16.064,16.182,69,7,0
44,11,13,0.25,5,1,4,0.2,16.249,16.212,77,7,22,5,5,0.227,5,1,1,0.2,16.933,16.156,109,12,0
6,3,2,0.5,2,1,1,0.5,15.789,15.787,57,10,48,10,6,0.208,20,3,5,0.15,16.143,16.258,100,6,1
22,3,5,0.136,15,2,5,0.133,16.385,15.611,89,14,16,2,10,0.125,1,0,1,0.0,16.21,16.0,127,7,1
23,6,12,0.261,2,1,1,0.5,16.076,16.371,60,5,48,8,26,0.167,7,1,6,0.143,15.785,15.719,84,9,1
19,2,16,0.105,16,0,1,0.0,16.185,16.201,111,21,48,8,26,0.167,7,1,6,0.143,15.785,15.719,84,9,1
35,6,8,0.171,20,3,6,0.15,15.976,15.992,91,9,32,7,9,0.219,6,0,1,0.0,16.033,16.213,79,6,0
35,6,8,0.171,20,3,6,0.15,15.976,15.992,91,9,56,14,13,0.25,1,0,1,0.0,15.929,15.995,97,7,0
30,2,11,0.067,14,0,1,0.0,15.782,15.789,57,5,32,7,9,0.219,6,0,1,0.0,16.033,16.213,79,6,0
30,2,11,0.067,14,0,1,0.0,15.782,15.789,57,5,56,14,13,0.25,1,0,1,0.0,15.929,15.995,97,7,0
34,7,14,0.206,3,1,1,0.333,16.694,16.143,68,7,18,1,12,0.056,11,1,7,0.091,17.215,16.262,183,14,0
53,10,14,0.189,5,0,1,0.0,16.331,16.284,76,7,25,3,10,0.12,4,0,1,0.0,15.451,15.663,64,9,0
70,12,14,0.171,16,2,10,0.125,15.994,15.931,99,16,48,9,9,0.188,15,3,4,0.2,16.202,16.203,90,7,1
70,12,14,0.171,16,2,10,0.125,15.994,15.931,99,16,88,16,14,0.182,20,4,7,0.2,16.137,16.155,93,7,1
2,1,1,0.5,1,0,1,0.0,16.694,16.734,49,7,7,3,2,0.429,2,1,1,0.5,16.406,16.461,72,11,0
25,5,8,0.2,20,4,7,0.2,15.457,15.437,141,7,32,4,13,0.125,2,1,1,0.5,16.553,16.013,62,7,0
10,2,6,0.2,7,0,1,0.0,15.887,15.876,61,4,13,4,6,0.308,4,1,1,0.25,15.871,16.009,95,12,0
72,16,9,0.222,18,6,6,0.333,16.185,16.228,98,7,97,13,20,0.134,14,3,6,0.214,16.584,16.521,136,7,1
67,10,20,0.149,14,4,6,0.286,16.534,16.235,137,7,20,3,10,0.15,5,1,4,0.2,15.897,15.865,83,7,1
67,10,20,0.149,14,4,6,0.286,16.534,16.235,137,7,18,3,11,0.167,14,2,2,0.143,15.494,15.45,141,10,1
60,9,22,0.15,12,2,6,0.167,16.978,16.537,106,7,25,7,4,0.28,3,1,2,0.333,16.235,16.317,99,6,1
24,7,7,0.292,5,1,3,0.2,16.951,16.22,77,7,28,5,11,0.179,6,0,1,0.0,16.316,16.393,72,4,0
8,1,4,0.125,6,1,4,0.167,15.891,15.902,42,7,121,22,32,0.182,41,6,12,0.146,15.975,16.21,153,7,1
8,2,4,0.25,3,0,1,0.0,16.529,16.536,53,4,18,3,5,0.167,4,0,1,0.0,16.555,15.631,80,6,0
1,0,1,0.0,1,0,1,0.0,15.389,15.389,96,7,121,22,32,0.182,41,6,12,0.146,15.975,16.21,153,7,1
63,10,14,0.159,17,3,5,0.176,16.057,15.72,139,4,14,5,4,0.357,2,0,1,0.0,16.284,16.211,57,7,0
43,11,6,0.256,5,2,2,0.4,16.136,16.173,124,7,13,1,6,0.077,10,1,6,0.1,15.606,15.626,66,6,1
58,12,9,0.207,10,1,5,0.1,15.904,15.968,93,5,14,5,4,0.357,2,0,1,0.0,16.284,16.211,57,7,0
10,1,4,0.1,4,0,1,0.0,15.958,15.943,70,7,64,12,17,0.188,14,4,5,0.286,16.285,16.273,101,7,0
15,2,3,0.133,9,2,1,0.222,16.61,16.593,76,4,64,8,16,0.125,9,1,1,0.111,15.976,15.955,92,7,1
41,13,8,0.317,9,3,4,0.333,16.453,16.487,98,5,103,13,18,0.126,33,4,10,0.121,16.003,15.791,124,7,0
41,13,8,0.317,9,3,4,0.333,16.453,16.487,98,5,67,14,10,0.209,8,1,3,0.125,16.956,16.44,127,11,0
87,9,16,0.103,43,6,16,0.14,15.731,15.692,91,6,23,7,3,0.304,4,1,1,0.25,15.882,16.099,83,7,1
87,9,16,0.103,43,6,16,0.14,15.731,15.692,91,6,42,9,16,0.214,7,0,1,0.0,16.644,16.661,78,7,1
55,7,20,0.127,4,0,1,0.0,16.427,16.089,94,4,23,7,3,0.304,4,1,1,0.25,15.882,16.099,83,7,1
55,7,20,0.127,4,0,1,0.0,16.427,16.089,94,4,42,9,16,0.214,7,0,1,0.0,16.644,16.661,78,7,1
25,6,12,0.24,4,1,1,0.25,16.342,16.481,73,7,33,11,5,0.333,13,4,5,0.308,16.271,16.365,63,4,0
40,8,9,0.2,2,0,1,0.0,16.291,15.886,72,4,33,11,5,0.333,13,4,5,0.308,16.271,16.365,63,4,0
8,2,5,0.25,4,0,1,0.0,15.896,15.977,69,10,33,11,5,0.333,13,4,5,0.308,16.271,16.365,63,4,0
58,9,23,0.155,16,1,15,0.063,16.075,16.027,120,7,14,4,5,0.286,1,0,1,0.0,15.911,15.889,47,6,1
58,9,23,0.155,16,1,15,0.063,16.075,16.027,120,7,43,11,9,0.256,8,1,6,0.125,16.379,16.371,71,7,1
58,9,23,0.155,16,1,15,0.063,16.075,16.027,120,7,55,10,11,0.182,6,0,1,0.0,16.256,15.881,94,5,1
42,7,12,0.167,10,2,1,0.2,16.447,16.393,113,7,22,5,8,0.227,9,0,1,0.0,16.036,15.986,74,7,0
73,8,17,0.11,19,3,7,0.158,16.469,16.984,110,7,90,10,24,0.111,7,1,6,0.143,16.881,16.362,173,7,1
35,9,10,0.257,1,1,1,1.0,16.179,16.043,84,10,90,10,24,0.111,7,1,6,0.143,16.881,16.362,173,7,1
44,8,13,0.182,20,1,4,0.05,16.276,16.321,96,3,90,10,24,0.111,7,1,6,0.143,16.881,16.362,173,7,1
22,1,14,0.045,3,0,1,0.0,16.699,15.972,78,7,62,20,13,0.323,31,11,9,0.355,16.488,16.219,107,14,1
22,1,14,0.045,3,0,1,0.0,16.699,15.972,78,7,11,1,2,0.091,1,0,1,0.0,16.083,16.106,68,14,1
22,1,14,0.045,3,0,1,0.0,16.699,15.972,78,7,67,9,20,0.134,25,6,6,0.24,16.26,16.231,106,7,1
64,9,15,0.141,1,1,1,1.0,16.807,16.523,138,7,62,20,13,0.323,31,11,9,0.355,16.488,16.219,107,14,1
64,9,15,0.141,1,1,1,1.0,16.807,16.523,138,7,11,1,2,0.091,1,0,1,0.0,16.083,16.106,68,14,1
64,9,15,0.141,1,1,1,1.0,16.807,16.523,138,7,67,9,20,0.134,25,6,6,0.24,16.26,16.231,106,7,1
32,7,11,0.219,30,6,10,0.2,15.947,15.952,70,7,28,4,9,0.143,13,2,7,0.154,16.347,16.309,180,10,0
32,7,11,0.219,30,6,10,0.2,15.947,15.952,70,7,37,11,9,0.297,19,4,8,0.211,16.059,16.088,85,9,0
42,7,8,0.167,15,4,3,0.267,16.708,16.803,94,10,45,11,6,0.244,32,6,6,0.188,16.08,16.148,96,9,0
16,2,6,0.125,11,1,4,0.091,16.102,16.075,64,6,45,11,6,0.244,32,6,6,0.188,16.08,16.148,96,9,0
9,3,2,0.333,6,1,2,0.167,15.253,15.297,56,7,21,7,5,0.333,1,0,1,0.0,16.012,15.986,84,7,0
12,3,3,0.25,3,0,1,0.0,16.139,16.255,74,7,41,10,7,0.244,18,8,1,0.444,16.826,16.917,123,6,1
12,3,3,0.25,3,0,1,0.0,16.139,16.255,74,7,50,9,16,0.18,26,3,15,0.115,15.677,15.669,101,10,1
39,4,22,0.103,9,2,4,0.222,15.977,15.96,94,3,39,8,8,0.205,36,7,8,0.194,15.782,15.775,121,7,0
97,17,12,0.175,70,13,10,0.186,15.924,15.752,118,7,50,8,16,0.16,7,2,3,0.286,16.085,16.066,99,7,1
4,1,2,0.25,2,0,1,0.0,16.311,16.359,52,6,24,5,14,0.208,6,0,1,0.0,15.91,15.835,71,7,0
11,4,5,0.364,4,1,1,0.25,16.206,16.304,61,7,24,5,14,0.208,6,0,1,0.0,15.91,15.835,71,7,0
36,6,9,0.167,6,0,1,0.0,16.035,15.453,77,5,3,0,1,0.0,1,0,1,0.0,15.498,15.63,40,7,0
36,6,9,0.167,6,0,1,0.0,16.035,15.453,77,5,86,17,18,0.198,5,2,2,0.4,17.136,16.508,124,7,0
17,2,12,0.118,5,0,1,0.0,15.849,15.862,67,7,97,11,32,0.113,29,1,18,0.034,16.41,16.425,161,5,1
17,2,12,0.118,5,0,1,0.0,15.849,15.862,67,7,48,5,16,0.104,20,3,10,0.15,15.866,15.855,111,7,1
17,2,12,0.118,5,0,1,0.0,15.849,15.862,67,7,50,10,12,0.2,2,1,1,0.5,16.487,15.754,103,12,1
23,6,5,0.261,16,5,3,0.313,16.756,16.808,71,7,11,0,1,0.0,2,0,1,0.0,16.011,16.112,58,3,0
27,5,11,0.185,5,0,1,0.0,16.314,16.4,71,7,7,2,3,0.286,3,0,1,0.0,16.84,16.787,63,4,1
81,12,29,0.148,34,5,10,0.147,15.869,15.911,93,7,21,5,10,0.238,10,2,6,0.2,16.374,16.395,67,6,0
81,12,29,0.148,34,5,10,0.147,15.869,15.911,93,7,10,2,5,0.2,2,1,1,0.5,15.672,15.974,88,10,0
109,24,11,0.22,25,6,9,0.24,16.32,16.353,155,7,52,8,12,0.154,9,1,4,0.111,15.768,15.716,100,9,0
6,1,1,0.167,2,0,1,0.0,16.578,16.548,97,7,3,1,2,0.333,1,0,1,0.0,16.529,16.458,60,6,1
6,1,1,0.167,2,0,1,0.0,16.578,16.548,97,7,32,8,5,0.25,7,0,1,0.0,16.287,16.262,108,7,1
67,15,14,0.224,24,9,6,0.375,15.971,15.978,132,7,109,24,11,0.22,62,12,15,0.194,16.721,16.727,142,4,0
45,9,20,0.2,1,0,1,0.0,16.195,16.293,93,4,109,24,11,0.22,62,12,15,0.194,16.721,16.727,142,4,0
74,8,19,0.108,15,2,9,0.133,16.858,16.403,164,7,49,6,23,0.122,25,3,14,0.12,15.88,16.223,85,5,1
74,8,19,0.108,15,2,9,0.133,16.858,16.403,164,7,26,6,7,0.231,2,0,1,0.0,16.838,16.134,93,3,1
104,19,24,0.183,10,1,1,0.1,16.211,16.234,124,7,16,3,10,0.188,1,0,1,0.0,16.718,16.606,89,4,1
6,2,4,0.333,1,0,1,0.0,16.308,16.687,69,5,25,5,6,0.2,5,1,1,0.2,15.974,16.104,63,6,0
70,9,23,0.129,12,2,6,0.167,16.398,16.302,106,7,20,4,9,0.2,4,1,3,0.25,16.024,16.09,69,7,1
20,2,12,0.1,4,1,2,0.25,16.54,16.627,91,6,74,17,13,0.23,7,4,1,0.571,16.53,16.555,125,7,1
20,2,12,0.1,4,1,2,0.25,16.54,16.627,91,6,111,20,14,0.18,43,6,15,0.14,16.004,15.86,131,12,1
118,19,14,0.161,46,9,14,0.196,16.289,16.208,136,9,18,0,1,0.0,5,0,1,0.0,16.037,15.896,75,7,0
4,3,1,0.75,1,0,1,0.0,16.724,16.461,84,4,40,5,11,0.125,15,2,6,0.133,16.871,16.589,87,7,0
38,8,16,0.211,2,0,1,0.0,16.502,15.934,82,9,32,8,11,0.25,17,1,1,0.059,16.701,16.743,94,7,1
46,13,11,0.283,15,2,6,0.133,16.402,16.396,107,4,32,8,11,0.25,17,1,1,0.059,16.701,16.743,94,7,1
13,4,6,0.308,2,1,1,0.5,17.615,16.3,66,7,38,10,8,0.263,5,0,1,0.0,15.711,15.864,71,5,0
28,7,11,0.25,18,2,5,0.111,17.336,17.745,89,7,7,2,3,0.286,3,0,1,0.0,16.233,16.067,76,7,1
12,3,6,0.25,7,3,4,0.429,16.052,16.114,46,8,24,11,5,0.458,5,3,2,0.6,16.402,15.797,55,11,0
12,3,6,0.25,7,3,4,0.429,16.052,16.114,46,8,11,1,8,0.091,3,1,2,0.333,16.843,16.813,61,6,0
14,2,3,0.143,8,2,1,0.25,16.631,16.628,76,6,7,2,3,0.286,3,0,1,0.0,16.233,16.067,76,7,1
23,9,5,0.391,3,0,1,0.0,15.982,15.873,79,9,7,2,3,0.286,2,0,1,0.0,16.591,16.759,53,6,0
48,7,20,0.146,3,1,2,0.333,16.843,16.209,105,7,7,2,3,0.286,2,0,1,0.0,16.591,16.759,53,6,0
32,8,11,0.25,5,0,1,0.0,16.175,16.118,71,3,83,16,12,0.193,22,2,16,0.091,15.901,15.951,98,8,1
33,7,13,0.212,4,0,1,0.0,16.202,16.125,87,4,35,8,6,0.229,17,6,6,0.353,16.409,17.016,69,6,0
49,2,33,0.041,6,0,1,0.0,16.157,16.05,94,5,40,9,11,0.225,7,1,5,0.143,16.633,18.9,88,4,1
137,20,17,0.146,48,10,12,0.208,15.978,15.977,158,8,40,9,11,0.225,7,1,5,0.143,16.633,18.9,88,4,1
9,1,8,0.111,2,0,1,0.0,16.724,16.889,72,6,40,9,11,0.225,7,1,5,0.143,16.633,18.9,88,4,1
24,6,4,0.25,5,0,1,0.0,17.062,16.316,76,7,49,1,19,0.02,6,0,1,0.0,16.144,16.019,101,6,0
24,6,4,0.25,5,0,1,0.0,17.062,16.316,76,7,85,13,22,0.153,7,1,5,0.143,16.869,16.631,128,4,0
6,0,1,0.0,2,0,1,0.0,16.573,16.598,55,10,49,1,19,0.02,6,0,1,0.0,16.144,16.019,101,6,0
6,0,1,0.0,2,0,1,0.0,16.573,16.598,55,10,85,13,22,0.153,7,1,5,0.143,16.869,16.631,128,4,0
10,2,5,0.2,5,0,1,0.0,16.088,16.048,45,7,9,3,3,0.333,6,1,3,0.167,16.375,16.376,61,9,1
10,2,5,0.2,5,0,1,0.0,16.088,16.048,45,7,37,7,9,0.189,13,1,9,0.077,16.581,16.587,137,7,1
11,4,5,0.364,3,1,1,0.333,16.231,15.751,91,10,127,19,15,0.15,13,4,7,0.308,16.238,17.337,161,8,0
28,5,13,0.179,10,2,7,0.2,16.369,16.355,116,9,35,5,14,0.143,5,2,1,0.4,16.33,16.092,71,11,1
107,27,14,0.252,12,0,1,0.0,15.954,16.066,126,7,11,4,7,0.364,8,1,1,0.125,16.083,16.081,88,13,0
103,20,13,0.194,34,4,15,0.118,16.328,16.313,139,7,11,4,7,0.364,8,1,1,0.125,16.083,16.081,88,13,0
61,14,13,0.23,40,10,8,0.25,16.771,16.789,102,7,85,13,22,0.153,16,1,7,0.063,16.353,16.209,110,4,1
60,11,10,0.183,13,2,7,0.154,16.411,16.125,97,7,85,13,22,0.153,16,1,7,0.063,16.353,16.209,110,4,1
8,3,3,0.375,5,0,1,0.0,16.175,16.116,45,9,32,6,9,0.188,5,1,2,0.2,16.883,16.863,76,6,0
8,3,3,0.375,5,0,1,0.0,16.175,16.116,45,9,41,12,5,0.293,8,1,1,0.125,16.893,16.748,127,6,0
58,20,11,0.345,19,2,16,0.105,16.91,18.345,93,6,32,6,9,0.188,5,1,2,0.2,16.883,16.863,76,6,0
58,20,11,0.345,19,2,16,0.105,16.91,18.345,93,6,41,12,5,0.293,8,1,1,0.125,16.893,16.748,127,6,0
57,12,22,0.211,26,3,16,0.115,16.188,16.207,114,8,22,5,5,0.227,11,3,4,0.273,16.219,16.257,96,5,1
57,12,22,0.211,26,3,16,0.115,16.188,16.207,114,8,110,27,12,0.245,26,7,5,0.269,16.589,16.362,124,9,1
44,10,14,0.227,8,1,1,0.125,16.96,16.856,81,10,20,5,5,0.25,3,0,1,0.0,15.933,15.896,71,3,0
44,9,10,0.205,7,2,2,0.286,16.664,16.374,74,7,10,4,4,0.4,4,1,3,0.25,16.906,16.913,76,5,1
31,12,4,0.387,9,3,4,0.333,16.251,16.393,86,7,16,3,8,0.188,5,1,4,0.2,17.826,16.616,137,7,1
26,6,7,0.231,7,2,2,0.286,16.058,16.144,70,7,16,3,8,0.188,5,1,4,0.2,17.826,16.616,137,7,1
25,7,9,0.28,5,1,1,0.2,16.369,16.399,68,3,29,6,15,0.207,3,1,1,0.333,16.317,16.28,73,4,0
142,27,14,0.19,41,8,12,0.195,16.003,16.128,121,10,19,5,5,0.263,1,0,1,0.0,15.997,16.011,64,8,0
142,27,14,0.19,41,8,12,0.195,16.003,16.128,121,10,28,8,7,0.286,4,0,1,0.0,16.015,15.97,94,7,0
14,3,2,0.214,1,0,1,0.0,16.714,16.75,99,5,48,13,7,0.271,22,2,6,0.091,16.802,16.452,109,7,1
20,6,6,0.3,4,1,2,0.25,16.647,16.628,109,4,71,13,21,0.183,18,3,7,0.167,16.185,15.973,117,5,1
4,1,1,0.25,1,0,1,0.0,16.739,16.903,47,5,1,0,1,0.0,1,0,1,0.0,16.426,16.426,61,6,0
39,5,15,0.128,12,1,1,0.083,15.61,15.642,77,9,17,7,5,0.412,6,1,5,0.167,16.526,16.5,77,4,0
108,28,11,0.259,16,4,6,0.25,16.327,16.159,132,8,57,11,11,0.193,11,1,10,0.091,16.893,16.826,113,6,1
44,5,25,0.114,4,0,1,0.0,15.942,15.843,130,7,76,7,19,0.092,1,0,1,0.0,15.84,15.693,107,9,1
39,9,12,0.231,12,0,1,0.0,16.256,16.244,101,7,15,3,9,0.2,6,1,5,0.167,16.723,16.755,88,7,0
39,9,12,0.231,12,0,1,0.0,16.256,16.244,101,7,93,18,14,0.194,19,3,8,0.158,16.058,16.018,102,5,0
41,8,13,0.195,1,0,1,0.0,16.676,16.48,91,7,63,13,10,0.206,27,5,6,0.185,16.099,16.053,106,5,1
39,7,13,0.179,11,2,6,0.182,16.304,17.489,90,7,31,5,12,0.161,12,2,5,0.167,16.449,16.457,110,5,0
19,5,8,0.263,2,0,1,0.0,15.738,15.919,74,3,31,5,12,0.161,12,2,5,0.167,16.449,16.457,110,5,0
28,6,7,0.214,8,1,1,0.125,15.934,15.897,70,7,63,6,15,0.095,21,1,11,0.048,15.981,16.025,87,9,1
28,6,7,0.214,8,1,1,0.125,15.934,15.897,70,7,42,6,14,0.143,4,1,1,0.25,16.03,15.921,98,7,1
53,12,16,0.226,10,0,1,0.0,16.287,16.639,111,5,63,6,15,0.095,21,1,11,0.048,15.981,16.025,87,9,1
53,12,16,0.226,10,0,1,0.0,16.287,16.639,111,5,42,6,14,0.143,4,1,1,0.25,16.03,15.921,98,7,1
88,17,18,0.193,20,3,11,0.15,16.453,16.195,161,5,42,8,18,0.19,6,0,1,0.0,16.589,16.43,126,7,1
25,7,8,0.28,4,1,1,0.25,15.947,16.195,64,4,7,2,5,0.286,5,0,1,0.0,16.581,16.548,80,6,0
3,2,1,0.667,2,2,1,1.0,16.249,16.317,96,5,7,2,5,0.286,5,0,1,0.0,16.581,16.548,80,6,0
27,6,10,0.222,3,0,1,0.0,16.759,16.549,112,5,15,5,7,0.333,10,2,1,0.2,16.105,16.082,53,9,1
27,6,10,0.222,3,0,1,0.0,16.759,16.549,112,5,65,13,10,0.2,19,6,4,0.316,16.066,16.092,117,4,1
105,22,18,0.21,38,4,11,0.105,17.128,17.109,117,6,126,21,24,0.167,5,2,3,0.4,16.253,16.223,146,4,0
105,22,18,0.21,38,4,11,0.105,17.128,17.109,117,6,52,8,13,0.154,5,3,1,0.6,16.215,16.041,90,6,0
64,9,13,0.141,15,3,7,0.2,15.874,15.868,95,9,105,17,25,0.162,6,3,2,0.5,16.309,16.628,110,5,0
44,9,10,0.205,14,4,4,0.286,16.257,16.287,91,7,105,17,25,0.162,6,3,2,0.5,16.309,16.628,110,5,0
4,2,1,0.5,1,0,1,0.0,16.188,16.203,93,8,80,18,11,0.225,39,8,11,0.205,16.662,16.663,95,7,1
4,2,1,0.5,1,0,1,0.0,16.188,16.203,93,8,22,5,8,0.227,4,1,1,0.25,17.071,16.363,94,7,1
4,2,1,0.5,1,0,1,0.0,16.188,16.203,93,8,111,17,17,0.153,39,4,10,0.103,15.825,15.853,121,7,1
7,4,1,0.571,2,1,1,0.5,16.087,16.006,69,7,80,18,11,0.225,39,8,11,0.205,16.662,16.663,95,7,1
7,4,1,0.571,2,1,1,0.5,16.087,16.006,69,7,22,5,8,0.227,4,1,1,0.25,17.071,16.363,94,7,1
7,4,1,0.571,2,1,1,0.5,16.087,16.006,69,7,111,17,17,0.153,39,4,10,0.103,15.825,15.853,121,7,1
14,4,2,0.286,5,0,1,0.0,16.485,16.45,60,7,39,7,12,0.179,6,2,3,0.333,16.37,16.115,66,7,0
19,6,6,0.316,3,1,1,0.333,16.648,16.63,109,3,69,17,14,0.246,3,1,1,0.333,16.119,15.918,134,7,1
74,11,22,0.149,19,3,7,0.158,16.269,15.843,161,7,69,17,14,0.246,3,1,1,0.333,16.119,15.918,134,7,1
20,3,6,0.15,11,0,1,0.0,16.524,16.467,66,7,69,17,14,0.246,3,1,1,0.333,16.119,15.918,134,7,1
40,9,8,0.225,10,1,7,0.1,16.301,16.328,110,7,84,13,21,0.155,6,1,4,0.167,16.874,16.666,128,7,0
40,9,8,0.225,10,1,7,0.1,16.301,16.328,110,7,44,13,10,0.295,2,2,1,1.0,16.958,15.894,145,6,0
40,9,8,0.225,10,1,7,0.1,16.301,16.328,110,7,86,18,11,0.209,1,0,1,0.0,16.847,16.745,126,8,0
6,2,3,0.333,3,0,1,0.0,15.808,15.851,94,9,33,6,14,0.182,5,3,1,0.6,16.204,16.186,109,3,1
34,9,7,0.265,14,2,5,0.143,16.242,16.422,69,9,63,9,18,0.143,4,1,1,0.25,16.082,15.879,111,7,0
66,10,14,0.152,31,5,7,0.161,16.699,16.694,90,9,63,9,18,0.143,4,1,1,0.25,16.082,15.879,111,7,0
41,9,11,0.22,27,5,9,0.185,16.683,16.93,89,5,5,1,3,0.2,3,0,1,0.0,16.681,16.643,49,5,1
18,3,10,0.167,2,0,1,0.0,16.67,15.758,99,4,18,5,7,0.278,9,2,5,0.222,16.278,16.231,94,7,0
13,3,7,0.231,9,0,1,0.0,16.767,16.782,55,7,3,1,1,0.333,2,1,1,0.5,15.749,15.769,139,9,1
30,7,11,0.233,6,0,1,0.0,16.749,16.795,124,7,3,1,1,0.333,2,1,1,0.5,15.749,15.769,139,9,1
139,20,19,0.144,46,5,13,0.109,16.057,16.029,126,5,21,8,5,0.381,6,0,1,0.0,16.722,16.552,122,6,0
66,14,12,0.212,15,3,6,0.2,16.743,17.306,123,21,21,8,5,0.381,6,0,1,0.0,16.722,16.552,122,6,0
13,3,3,0.231,6,1,3,0.167,16.833,16.853,69,7,21,8,5,0.381,6,0,1,0.0,16.722,16.552,122,6,0
25,5,6,0.2,10,5,3,0.5,15.72,15.751,122,11,6,1,5,0.167,2,0,1,0.0,16.794,16.793,58,6,1
81,20,13,0.247,2,1,1,0.5,15.916,15.838,129,7,27,6,6,0.222,10,0,1,0.0,17.397,17.947,72,13,0
81,20,13,0.247,2,1,1,0.5,15.916,15.838,129,7,16,4,5,0.25,3,0,1,0.0,16.786,16.637,66,8,0
81,20,13,0.247,2,1,1,0.5,15.916,15.838,129,7,51,8,22,0.157,26,2,15,0.077,17.195,16.836,130,7,0
81,20,13,0.247,2,1,1,0.5,15.916,15.838,129,7,14,4,8,0.286,5,0,1,0.0,16.431,16.54,61,6,0
6,1,4,0.167,3,0,1,0.0,16.301,16.384,83,3,74,12,10,0.162,12,3,4,0.25,16.348,16.061,186,5,0
19,8,5,0.421,2,1,1,0.5,16.421,16.438,105,8,74,12,10,0.162,12,3,4,0.25,16.348,16.061,186,5,0
35,14,5,0.4,6,2,2,0.333,18.108,17.118,94,7,74,12,10,0.162,12,3,4,0.25,16.348,16.061,186,5,0
94,18,27,0.191,2,0,1,0.0,16.063,15.752,134,2,86,19,13,0.221,42,7,13,0.167,16.403,16.655,139,7,0
94,18,27,0.191,2,0,1,0.0,16.063,15.752,134,2,11,3,4,0.273,4,0,1,0.0,16.151,16.148,94,7,0
51,8,16,0.157,19,3,7,0.158,16.171,16.184,77,5,17,4,11,0.235,2,1,1,0.5,16.849,16.014,71,7,1
36,9,15,0.25,10,2,7,0.2,16.86,16.359,101,6,86,19,13,0.221,42,7,13,0.167,16.403,16.655,139,7,0
36,9,15,0.25,10,2,7,0.2,16.86,16.359,101,6,11,3,4,0.273,4,0,1,0.0,16.151,16.148,94,7,0
5,1,2,0.2,2,1,1,0.5,15.901,16.006,96,9,28,1,8,0.036,28,1,8,0.036,15.98,15.98,93,15,1
5,1,2,0.2,2,1,1,0.5,15.901,16.006,96,9,129,20,18,0.155,59,9,12,0.153,16.439,16.365,123,7,1
25,6,8,0.24,2,0,1,0.0,15.926,15.681,68,5,28,1,8,0.036,28,1,8,0.036,15.98,15.98,93,15,1
25,6,8,0.24,2,0,1,0.0,15.926,15.681,68,5,129,20,18,0.155,59,9,12,0.153,16.439,16.365,123,7,1
41,18,3,0.439,8,4,1,0.5,16.188,16.524,101,5,11,2,6,0.182,4,0,1,0.0,16.349,16.39,100,7,1
15,5,8,0.333,7,0,1,0.0,16.286,16.273,64,8,11,6,4,0.545,3,2,1,0.667,16.495,16.715,78,12,1
24,4,9,0.167,6,0,1,0.0,16.235,16.312,76,7,11,6,4,0.545,3,2,1,0.667,16.495,16.715,78,12,1
40,6,11,0.15,28,3,10,0.107,16.614,16.65,77,8,76,15,12,0.197,18,2,11,0.111,16.189,16.231,99,7,0
40,6,11,0.15,28,3,10,0.107,16.614,16.65,77,8,112,19,16,0.17,50,6,17,0.12,16.297,16.323,123,8,0
13,3,2,0.231,1,0,1,0.0,16.488,16.836,66,14,58,10,14,0.172,19,4,7,0.211,16.492,16.573,92,7,1
16,6,5,0.375,8,1,4,0.125,16.576,16.505,94,6,8,1,7,0.125,4,0,1,0.0,18.819,16.586,61,7,0
52,11,10,0.212,32,5,10,0.156,15.835,15.85,94,21,21,9,6,0.429,5,0,1,0.0,16.642,16.64,104,6,1
97,25,12,0.258,21,1,13,0.048,16.654,17.056,153,12,21,9,6,0.429,5,0,1,0.0,16.642,16.64,104,6,1
6,3,1,0.5,2,1,1,0.5,16.469,16.664,100,7,48,10,13,0.208,14,2,2,0.143,16.229,16.222,98,11,0
6,3,1,0.5,2,1,1,0.5,16.469,16.664,100,7,55,15,7,0.273,29,7,7,0.241,15.85,15.846,130,7,0
31,6,10,0.194,13,3,3,0.231,17.106,16.57,61,7,19,8,7,0.421,11,3,2,0.273,17.529,16.696,121,9,0
29,13,4,0.448,7,1,1,0.143,16.561,16.65,92,7,53,10,10,0.189,5,3,2,0.6,16.603,16.668,94,14,1
83,19,10,0.229,53,10,8,0.189,16.638,16.463,109,6,28,9,10,0.321,3,1,1,0.333,16.869,16.197,104,5,0
18,9,4,0.5,7,1,1,0.143,16.47,16.497,70,5,28,9,10,0.321,3,1,1,0.333,16.869,16.197,104,5,0
41,8,10,0.195,9,2,1,0.222,16.042,16.021,101,11,4,2,1,0.5,3,2,1,0.667,16.645,16.661,60,7,1
7,3,3,0.429,3,0,1,0.0,16.316,16.264,106,5,4,2,1,0.5,3,2,1,0.667,16.645,16.661,60,7,1
68,11,15,0.162,23,3,12,0.13,15.922,15.868,150,9,12,2,2,0.167,3,1,1,0.333,15.929,16.193,64,28,0
68,11,15,0.162,23,3,12,0.13,15.922,15.868,150,9,16,5,5,0.313,3,1,1,0.333,16.159,16.165,70,7,0
27,9,6,0.333,21,5,6,0.238,16.47,16.476,64,5,87,17,15,0.195,18,2,10,0.111,15.909,15.929,171,5,1
5,1,4,0.2,3,0,1,0.0,15.801,15.729,64,7,73,11,19,0.151,26,3,15,0.115,16.473,16.449,95,7,0
14,5,3,0.357,2,0,1,0.0,16.341,16.293,66,6,15,5,4,0.333,2,1,1,0.5,15.779,16.092,66,9,1
8,2,4,0.25,3,1,1,0.333,16.356,16.244,80,6,15,5,4,0.333,2,1,1,0.5,15.779,16.092,66,9,1
34,6,10,0.176,14,3,3,0.214,15.856,15.911,98,5,21,6,5,0.286,7,1,1,0.143,16.784,16.698,66,7,1
87,17,20,0.195,55,9,17,0.164,15.934,15.961,120,11,11,3,7,0.273,4,1,1,0.25,15.799,15.695,129,5,0
123,24,12,0.195,9,3,2,0.333,16.012,15.902,154,4,10,5,5,0.5,4,0,1,0.0,16.46,16.388,84,7,1
7,1,6,0.143,7,1,6,0.143,15.76,15.76,71,18,10,5,5,0.5,4,0,1,0.0,16.46,16.388,84,7,1
11,1,7,0.091,7,1,5,0.143,15.861,15.859,53,7,1,0,1,0.0,1,0,1,0.0,15.657,15.657,70,7,0
11,1,7,0.091,7,1,5,0.143,15.861,15.859,53,7,30,7,12,0.233,5,2,3,0.4,15.894,15.877,116,23,0
32,8,8,0.25,20,3,5,0.15,16.694,16.725,70,9,58,8,15,0.138,4,0,1,0.0,16.286,15.906,107,7,1
14,6,3,0.429,6,2,3,0.333,16.177,16.31,107,3,58,8,15,0.138,4,0,1,0.0,16.286,15.906,107,7,1
95,16,10,0.168,37,5,10,0.135,16.166,16.006,150,7,13,9,2,0.692,10,6,2,0.6,16.863,16.904,90,7,0
57,11,16,0.193,11,2,5,0.182,16.232,16.069,115,11,24,3,8,0.125,17,3,6,0.176,15.858,15.874,76,7,1
54,18,9,0.333,43,12,8,0.279,16.635,16.64,132,14,51,12,11,0.235,29,5,9,0.172,16.184,16.517,94,7,0
108,12,23,0.111,17,3,8,0.176,16.082,15.962,137,7,9,4,2,0.444,8,3,2,0.375,16.631,16.679,66,7,1
60,9,15,0.15,16,3,5,0.188,15.943,15.908,145,6,23,2,12,0.087,14,2,6,0.143,15.968,16.007,99,5,0
25,3,10,0.12,1,1,1,1.0,16.921,17.123,66,7,23,2,12,0.087,14,2,6,0.143,15.968,16.007,99,5,0
8,3,4,0.375,3,0,1,0.0,16.21,16.327,57,11,23,2,12,0.087,14,2,6,0.143,15.968,16.007,99,5,0
14,6,4,0.429,1,0,1,0.0,16.378,16.032,61,5,29,11,5,0.379,20,9,5,0.45,16.206,16.215,94,18,1
29,9,8,0.31,7,3,3,0.429,16.889,16.899,90,12,5,4,1,0.8,4,3,1,0.75,16.71,16.685,61,7,0
30,8,8,0.267,4,0,1,0.0,15.895,16.094,151,5,5,4,1,0.8,4,3,1,0.75,16.71,16.685,61,7,0
16,2,4,0.125,2,0,1,0.0,15.906,16.117,53,4,5,4,1,0.8,4,3,1,0.75,16.71,16.685,61,7,0
6,3,3,0.5,1,0,1,0.0,15.923,15.849,58,7,52,6,17,0.115,46,2,17,0.043,15.958,15.939,137,5,0
54,18,7,0.333,22,8,4,0.364,16.496,16.279,91,7,52,6,17,0.115,46,2,17,0.043,15.958,15.939,137,5,0
4,1,2,0.25,1,1,1,1.0,16.842,16.908,76,7,52,6,17,0.115,46,2,17,0.043,15.958,15.939,137,5,0
25,5,11,0.2,8,1,1,0.125,16.118,16.197,74,12,52,6,17,0.115,46,2,17,0.043,15.958,15.939,137,5,0
87,27,11,0.31,64,19,7,0.297,16.295,16.301,126,6,115,20,10,0.174,40,9,9,0.225,15.986,15.964,135,7,1
87,27,11,0.31,64,19,7,0.297,16.295,16.301,126,6,37,11,10,0.297,11,2,5,0.182,16.135,16.232,102,5,1
54,11,17,0.204,7,3,2,0.429,16.551,16.264,96,13,115,20,10,0.174,40,9,9,0.225,15.986,15.964,135,7,1
54,11,17,0.204,7,3,2,0.429,16.551,16.264,96,13,37,11,10,0.297,11,2,5,0.182,16.135,16.232,102,5,1
15,4,3,0.267,4,0,1,0.0,16.951,17.071,72,7,120,19,18,0.158,15,3,7,0.2,15.863,15.832,152,7,0
15,4,3,0.267,4,0,1,0.0,16.951,17.071,72,7,63,21,5,0.333,56,19,5,0.339,16.312,16.324,123,6,0
5,1,2,0.2,2,0,1,0.0,16.043,15.996,68,5,120,19,18,0.158,15,3,7,0.2,15.863,15.832,152,7,0
5,1,2,0.2,2,0,1,0.0,16.043,15.996,68,5,63,21,5,0.333,56,19,5,0.339,16.312,16.324,123,6,0
27,6,7,0.222,8,4,3,0.5,15.913,16.046,66,7,5,1,3,0.2,1,0,1,0.0,16.235,16.213,66,7,1
29,6,12,0.207,6,2,2,0.333,16.042,16.19,69,7,21,6,8,0.286,1,0,1,0.0,15.727,16.005,61,6,1
29,6,12,0.207,6,2,2,0.333,16.042,16.19,69,7,63,10,8,0.159,40,9,8,0.225,16.021,16.012,106,7,1
74,18,9,0.243,3,2,1,0.667,16.431,16.442,104,8,37,5,12,0.135,12,2,5,0.167,16.103,16.151,85,5,0
27,8,6,0.296,2,0,1,0.0,16.362,16.211,78,15,32,12,3,0.375,13,6,2,0.462,17.123,17.23,93,14,0
43,9,9,0.209,21,4,6,0.19,15.981,15.968,97,6,39,9,11,0.231,2,1,1,0.5,16.382,16.318,96,8,1
93,22,9,0.237,36,5,12,0.139,16.112,16.042,145,14,55,15,6,0.273,6,0,1,0.0,16.209,16.447,100,5,1
11,2,7,0.182,7,0,1,0.0,15.934,15.912,87,17,55,15,6,0.273,6,0,1,0.0,16.209,16.447,100,5,1
29,7,12,0.241,16,3,9,0.188,16.583,16.573,73,7,25,7,5,0.28,2,0,1,0.0,15.78,15.726,61,9,0
29,7,12,0.241,16,3,9,0.188,16.583,16.573,73,7,21,4,5,0.19,3,1,1,0.333,16.186,16.264,59,7,0
46,13,7,0.283,5,1,1,0.2,16.193,16.274,76,8,22,4,12,0.182,15,2,11,0.133,16.591,16.619,68,8,1
17,1,7,0.059,1,1,1,1.0,16.208,16.297,96,10,74,16,13,0.216,53,11,11,0.208,16.446,16.347,99,6,0
37,11,9,0.297,4,3,1,0.75,16.812,16.376,99,5,41,15,9,0.366,8,3,3,0.375,16.377,16.384,126,15,0
13,2,9,0.154,6,0,1,0.0,15.83,15.818,61,7,41,15,9,0.366,8,3,3,0.375,16.377,16.384,126,15,0
62,11,16,0.177,21,3,13,0.143,16.672,16.666,94,7,27,3,15,0.111,9,1,8,0.111,15.895,15.888,87,6,1
23,5,4,0.217,4,0,1,0.0,16.979,16.978,65,11,40,6,9,0.15,9,1,5,0.111,16.682,17.763,123,7,0
77,16,10,0.208,47,5,8,0.106,15.893,15.877,102,7,24,6,3,0.25,8,3,3,0.375,16.639,16.045,63,15,0
7,0,1,0.0,4,0,1,0.0,15.433,15.449,59,7,24,6,3,0.25,8,3,3,0.375,16.639,16.045,63,15,0
